33244261,İslam'ın Pavlusları II: Paralel Din,,,,Saadettin Merdin,2014,,Araştırma Yayınları,,,463,Turkish,,,,9786054495535,,,,,,,,,,,0,,,,,,,0,11262861,pdf,92C3CF70EBEDD3BA7C7EB5978761FAA4,,,Saadettin Merdin İslamın Pavlusları-2 Paralel Din  Araştırma Yayınları  2014.pdf,0,2022-04-10 11:29:09,2022-04-10 11:34:12,92c3cf70ebedd3ba7c7eb5978761faa4-d.jpg,,9786054495535
33244262,Imiona anomii.  Literatura wobec doświadczenia stanu wyjątkowego,,,,Piotr Sadzik (red.); Agata Bielik-Robson; Wojciech Michera; Łukasz Musiał; Michał Dudek; Adam Lipszyc; Antoni Zając; Tomasz Wójcik; Hanna Gosk; Zbigniew Jazienicki; Przemysław Czapliński; Łukasz Żurek; Michał Krzykawski,2019,1,Wydawnictwo Naukowe PWN,Warszawa,395,396,Polish,191,#bibuła,,9788301207267,,,,,,,,,,,0,,,0,,1,1,1,1823419,pdf,E305291B27F7A7F39A3806ACC68089DB,,,Sadzik (red.) - Imiona anomii.  Literatura wobec doświadczenia stanu wyjątkowego.pdf,0,2022-04-10 11:30:15,2022-04-10 11:30:15,e305291b27f7a7f39a3806acc68089db-g.jpg,,9788301207267
33244263,All In One Science Class 10,,,,"Sanubia & Rashmi Gupta Sonal Singh, Ruchi Kapoor, Imran Ahmad",,,,,473,473,English,,,,,,,,,,,,,,decrypted from F574BFCD7C07226B70B4E2426FD7E020 source file,0,1,0,0,1,0,0,0,178381050,pdf,477EB1213657AF047C2AD202DDA24B9F,,,Arihant science .pdf,0,2022-04-10 11:31:43,2022-04-10 11:31:43,477eb1213657af047c2ad202dda24b9f-g.jpg,,
33244264,İslam'ın Pavlusları I: Felsefi Tasavvuf,,,,Saadettin Merdin,2014,,Araştırma Yayınları,,,497,Turkish,,,,9786054495528,,,,,,,,,,,0,,,,,,,1,19324870,pdf,3851EFB6FAC24573BC3C14868E5C0653,,,Saadettin Merdin İslamın Pavlusları-1 Felsefi Tasavvuf  Araştırma Yayınları  2014.pdf,0,2022-04-10 11:32:19,2022-04-10 11:33:46,3851efb6fac24573bc3c14868e5c0653-g.jpg,,9786054495528
33244265,Late Byzantium Reconsidered: The Arts of the Palaiologan Era in the Mediterranean,,,,Andrea Mattiello; Maria Alessia Rossi,2019,,Routledge,,242,242,English,,,,"1351244817,9781351244817,2018048185,9780815372868,9781351244831",,,,,,,,UvSKDwAAQBAJ,,,0,,,,,,1,1,18660905,pdf,511FC2AA092A1E6F31BCF32556E7421B,,,"Andrea Mattiello, Maria Alessia Rossi - Late Byzantium Reconsidered. The Arts of the Palaiologan Era in the Mediterranean [Retail].pdf",0,2022-04-10 11:32:56,2022-04-10 11:32:56,511fc2aa092a1e6f31bcf32556e7421b-d.jpg,,"1351244817,9781351244817,2018048185,9780815372868,9781351244831"
33244266,Starożytne miasto rzymskie: historia i życie codzienne,,,,Livio Zerbini,2008,,Bellona,Warszawa,125,66,Polish,,,,"8311110999,9788311110991",,,,,,,,Gm2YNwAACAAJ,,,0,,,,,,,1,11811784,pdf,BFCDF570116D17998B87371D7D8CDD3E,,,starozytne miasto rzymskie historia i zycie codzienne.pdf,0,2022-04-10 11:33:58,2022-04-10 11:33:58,bfcdf570116d17998b87371d7d8cdd3e-d.jpg,,"8311110999,9788311110991"
33244267,Maraş Kıyımı: Tarihsel Arka Planı ve Anatomisi,,,,Aziz Tunç,2011,1,Belge Yayınları,,,498,Turkish,,,,,,,,,,,,,,,0,,,,,,,1,23935819,pdf,78FD70FA2E9D8AE25C0502BD4BCD8805,,,Aziz Tunç Maraş Kıyımı - Tarihsel Arka Planı ve Anatomisi belge 2011.pdf,0,2022-04-10 11:42:59,2022-04-10 11:42:59,78fd70fa2e9d8ae25c0502bd4bcd8805-g.jpg,,
33244268,Talmud ve Hadis: Karşılaştırmalı Bir Araştırma,,,,Mehmet Sait Toprak,2012,1,Kabalcı Yayınevi,,,525,Turkish,,,,9786055272074,,,,,,,,,,,0,,,,,,,1,22977056,pdf,35CF5EDBAB618FE9CC6FD52B75D384FA,,,Mehmet Sait Toprak Talmud ve Hadis-Karşılaştırmalı Bir Araştırma KABALCI 2012  9786055272074.pdf,0,2022-04-10 11:51:39,2022-04-10 11:51:39,35cf5edbab618fe9cc6fd52b75d384fa-d.jpg,,9786055272074
33244269,"The New Era in American Mathematics, 1920–1950",,,,"Parshall, Karen Hunger",2022,,Princeton University Press,,416,0,English,,,,"0691235244,9780691235240",,,,,,,,qp9IEAAAQBAJ,,,0,,,,,,,,23573389,epub,C7F8859BDC46FFDF382826A2EE03E533,,,"The New Era in American Mathematics, 1920–1950 by Karen Hunger Parshall.epub",0,2022-04-10 12:02:34,2022-04-10 12:02:34,c7f8859bdc46ffdf382826a2ee03e533-d.jpg,,"0691235244,9780691235240"
33244270,"Fluent Python: Clear, Concise, and Effective Programming",,,,Luciano Ramalho,2022,2,O'Reilly Media,,1012,0,English,92,,,"1492056359,9781492056355",,,,,,,,,,,0,,,,,,,,8710482,epub,2823F84ADEED77C72210A46C84B3ED5D,,,"Fluent Python Clear, Concise and Effective Programming, 2nd Edition (Luciano Ramalho).epub",0,2022-04-10 12:05:43,2022-04-10 12:05:43,2823f84adeed77c72210a46c84b3ed5d-d.jpg,,"1492056359,9781492056355"
33244271,Mathematics for Future Computing and Communications,,,,"Liao Heng (editor), Bill McColl (editor)",2021,New,Cambridge University Press,,396,399,English,,,,"1316513580,9781316513583",,,,,,,,,,,0,,,,,,,1,17989938,pdf,D714DAC2664990FA5B52B601A6D66993,,,Mathematics for Future Computing and Communications.pdf,0,2022-04-10 12:06:12,2022-04-10 12:06:12,d714dac2664990fa5b52b601a6d66993-d.jpg,,"1316513580,9781316513583"
33244272,Nusayrilik: İnanç Esasları & Tenasuh (Reenkarnasyon),,,,Ömer Uluçay,2003,1,Karahan Yayınları,,,385,Turkish,,,,975644701X,,,,,,,,,,,0,,,,,,,1,20106605,pdf,570A8D2270AA857C33B5FA2959EF8347,,,Ömer Uluçay Nusayrilik - İnanç Esasları & Tenasuh (Reenkarnasyon) Karahan Yayınları 2003.pdf,0,2022-04-10 12:08:17,2022-04-10 12:08:17,570a8d2270aa857c33b5fa2959ef8347-g.jpg,,975644701X
33244273,Postcolonial Approaches to Eastern European Cinema: Portraying Neighbours on Screen,,International Library of the Moving Image,,"Ewa Mazierska, Lars Kristensen, Eva Näripea",2013,,I.B. Tauris,,352,349,English,,,,"1780763018,9781780763019",,,,,,,,,,,0,,,,,,,1,14806284,pdf,3D458CFB9A9FD22D4919F1CB799C227E,,,Postcolonial Approaches to Eastern European Cinema.pdf,0,2022-04-10 12:09:39,2022-04-10 12:09:39,3d458cfb9a9fd22d4919f1cb799c227e-d.jpg,,"1780763018,9781780763019"
33244274,Science and Religion: A Very Short Introduction,,Very Short Introductions,,"Thomas Dixon, Adam Shapiro",2022,2,OUP Oxford,,184,0,English,,,,"0198831021,9780198831020",,,,,,,,,,,0,,,,,,,,1876203,epub,8C47AF3702309F142520F80CB69C9B71,,,Science and Religion_ A Very Short Introduction by Thomas Dixon.epub,0,2022-04-10 12:15:41,2022-04-10 12:15:41,8c47af3702309f142520f80cb69c9b71-d.jpg,,"0198831021,9780198831020"
33244275,"Bektaşiliğin İçyüzü Cilt 1: Dibi, Köşesi, Yüzü ve Astarı Nedir?",,,,M. Tevfik Oytan,1956,2,İstanbul Maarif Kitaphanesi,,,308,Turkish,,,,,,,,,,,,,,,0,,,,,,1,1,19848732,pdf,FA3ABF5887800A05B3FE2003949FBA40,,,"M. Tevfik Oytan Bektaşiliğin İçyüzü-Dibi, Köşesi, Yüzü ve Astarı Nedir 1 İstanbul Maarif Kitaphanesi 1956 2.pdf",0,2022-04-10 12:15:57,2022-04-10 12:15:57,fa3abf5887800a05b3fe2003949fba40-g.jpg,,
33244276,"Bektaşiliğin İçyüzü Cilt 2: Dibi, Köşesi, Yüzü ve Astarı Nedir?",,,,M. Tevfik Oytan,1956,2,İstanbul Maarif Kitaphanesi,,,194,Turkish,,,,,,,,,,,,,,,0,,,,,,,1,8260910,pdf,1890DB8B0C5D6AB0BAB8FAF72AAF81B1,,,"M. Tevfik Oytan Bektaşiliğin İçyüzü-Dibi, Köşesi, Yüzü ve Astarı Nedir 2 İstanbul Maarif Kitaphanesi 1956 2.pdf",0,2022-04-10 12:19:39,2022-04-10 12:19:39,1890db8b0c5d6ab0bab8faf72aaf81b1-g.jpg,,
33244277,"Universitäten im östlichen Mitteleuropa: zwischen Kirche, Staat und Nation : sozialgeschichtliche und politische Entwicklungen",,,,Peter Wörster,2008,,Oldenbourg Verlag,,309,312,German,,,,"3486584944,9783486584943",,,,,,,,0j-5vZlL2_AC,,,0,,,,,,,1,18521882,pdf,35AE6B84ED34C3466AF9179558F308EA,,,10.1524_9783486845464.pdf,0,2022-04-10 12:20:12,2022-04-10 12:20:12,35ae6b84ed34c3466af9179558f308ea-d.jpg,,"3486584944,9783486584943"
33244278,The Last Englishman,,,,Alfred Daniel Wintle,1968,1,Joseph,,288,299,English,,,,"0718106008,9780718106003",,,,,942.08/0924,DA69.3.W53 A3,,,,,0,,,,,,,1,17137597,pdf,F5FC37244EA562568834432557F29ABF,,,The_Last_Englishman.pdf,0,2022-04-10 12:24:40,2022-04-10 12:24:40,f5fc37244ea562568834432557f29abf-g.jpg,,"0718106008,9780718106003"
33244279,Química. Um Curso Universitário (Em Portuguese do Brasil),,,,Mahan/Myers,1995,4,Edgard Blücher,São Paulo,582,300,Portuguese Brazilian,,,,"8521200366,9788521200369",,,,,,,,,,,0,0,1,0,1,,0,0,320443355,pdf,C4ECDCA695E4C073DD2871AED3D57062,,,"Mahan, Química Um Curso Universitário.pdf",0,2022-04-10 12:24:51,2022-04-10 12:26:35,c4ecdca695e4c073dd2871aed3d57062-d.jpg,,"8521200366,9788521200369"
33244280,"Civil War in South Russia, 1918: The First Year of the Volunteer Army",,,,Peter Kenez,1971,,University of California Press,,351,366,English,,,,"0520017099,9780520017092",,,,,,,,,,,0,,,,,,1,1,23859579,pdf,36588775E38EEE9D6CCB60120A1F9B37,,,"Civil War in South Russia, 1918.pdf",0,2022-04-10 12:34:57,2022-04-10 12:34:57,36588775e38eee9d6ccb60120a1f9b37-g.jpg,,"0520017099,9780520017092"
33244281,"Civil War in South Russia, 1919-1920: The Defeat of the Whites",,,,Peter Kenez,1977,,University of California Press,,378,400,English,,,,"0520033469,9780520033467",,,,,,,,,,,0,,,,,,1,1,22764757,pdf,D4C6E6099B7C01A6DC3C5DAFAEEF541C,,,"Civil War in South Russia, 1919–1920.pdf",0,2022-04-10 12:35:01,2022-04-10 12:35:01,d4c6e6099b7c01a6dc3c5dafaeef541c-g.jpg,,"0520033469,9780520033467"
33244282,White Against Red: The Life of General Anton Denikin,,,,Dimitry V. Lehovich,1974,,W. W. Norton & Company,,556,572,English,,,,"0393074854,9780393074857",,,,,,,,,,,0,,,,,,1,1,26144093,pdf,33B93E03A19FBFA1DDAEAA3D2335DCB7,,,White Against Red.pdf,0,2022-04-10 12:35:42,2022-04-10 12:35:42,33b93e03a19fbfa1ddaeaa3d2335dcb7-d.jpg,,"0393074854,9780393074857"
33244283,黃梨洲文集,,理學叢書,,黄宗羲,2009,,中华书局,,539,572,Chinese,,,,9787101066975,,,,,,,,,,,0,,,,,,1,0,49209527,pdf,9E84E964BEE2D9FB45E97AA99C98E3BC,,,黄梨洲文集_12554834(1).pdf,0,2022-04-10 12:45:35,2022-04-10 12:45:35,9e84e964bee2d9fb45e97aa99c98e3bc-d.jpg,,9787101066975
33244284,"Alevilik ve Kürtler: İnceleme, Araştırma, Belgeler",,,,Mehmet Bayrak,1997,1,Öz-Ge Yayınları,,,805,Turkish,,,,,,,,,,,,,,,0,,,,,,,1,19576278,pdf,FB54E610F767033C6224F5174A222709,,,Mehmet Bayrak Alevilik ve Kürtler (İnceleme - Araştırma - Belgeler) Öz-Ge Yayınları 1997.pdf,0,2022-04-10 12:46:37,2022-04-10 12:46:37,fb54e610f767033c6224f5174a222709-g.jpg,,
33244285,吴三桂与甲申之变,,,,林奎成,2013,,知识产权出版社,,265,270,Chinese,,,,9787513021432,,,,,,,,,,,0,,,,,,1,0,78956358,pdf,4B00A2E19EF5204BAA160B6123815A02,,,吴三桂与甲申之变_13374325.pdf,0,2022-04-10 12:47:18,2022-04-10 12:47:18,4b00a2e19ef5204baa160b6123815a02-d.jpg,,9787513021432
33244286,DK Eyewitness Great Britain (Travel Guide),,,,DK Eyewitness,2022,,DK Eyewitness Travel,,,0,English,35,,,"9780241574133,9780241559338",,B09MT7RPDD,,,,,,,,,0,,,,,,,,665632617,epub,ED400A675D9EEE6929ED461C6684DBBA,,,DK.Eyewitness.Great.Britain_UserUpload.Net.epub,0,2022-04-10 12:47:28,2022-04-10 12:47:28,ed400a675d9eee6929ed461c6684dbba-d.jpg,,"9780241574133,9780241559338"
33244287,察合台汗国史研究,,,,刘迎胜,2011,,上海古籍出版社,,635,697,Chinese,,,,9787532559015,,,,,,,,,,,0,,,,,,1,0,180089315,pdf,8E2D5531C0EEA3FCECE99267432FC580,,,察合台汗国史研究 13184655.pdf,0,2022-04-10 12:50:11,2022-04-10 12:50:11,8e2d5531c0eea3fcece99267432fc580-d.jpg,,9787532559015
33244288,北宋经抚年表南宋制抚年表/二十四史研究资料丛刊: 二十四史研究资料丛刊,,二十四史研究资料丛刊,,吴廷燮撰；张忱石点校,2004,,中华书局,,594,648,Chinese,,,,9787101040654,,,,,,,,,,,0,,,,,,,0,16141988,pdf,47B22008960CA2B0896F8E902388BB42,,,011.二十四史研究资料丛刊.北宋经抚年表.南宋制抚年表.吴廷燮.中华书局.1984.pdf,0,2022-04-10 12:51:01,2022-04-10 12:51:01,47b22008960ca2b0896f8e902388bb42-d.jpg,,9787101040654
33244289,Bloomsbury Encyclopedia of Aromatherapy,,,,Chrissie Wildwood,2000,,Bloomsbury Publishing PLC,,320,326,English,,,,"0747550557,9780747550556",,,,,,,,,,,0,,,,,,,1,18912246,pdf,D1ACDAE64E5950151809AD7E34C1B6BA,,,The Bloomsbury encyclopedia of aromatherapy.pdf,0,2022-04-10 12:51:08,2022-04-10 12:51:08,d1acdae64e5950151809ad7e34c1b6ba-d.jpg,,"0747550557,9780747550556"
33244290,İslam’ın Hicri İkinci Asrında Zındıklık ve Zındıklar,,,,Melhem Chokr,2002,First,Anka Yayınları,,,478,Turkish,,,,9756628154,,,,,,,,,,,0,,,,,,,1,18560213,pdf,3722110C098B404CE6A06D66D3A022E0,,,Melhem Chokr  İslam’ın Hicri İkinci Asrında Zındıklık ve Zındıklar ANKA 2002.pdf,0,2022-04-10 12:53:07,2022-04-10 12:54:40,3722110c098b404ce6a06d66d3a022e0-g.jpg,,9756628154
33244291,DK Eyewitness Top 10 Washington DC (Pocket Travel Guide),,,,DK Eyewitness,2022,,DK Eyewitness Travel,,,0,English,35,,,"9780241584484,9780241559482",,B09Q7ZT8BP,,,,,,,,,0,,,,,,,,181842694,epub,4E6E1B59E2488657FFBFC719AC2EAA9C,,,DK.Eyewitness.Top.10.Washington.DCuserupload.in.epub,0,2022-04-10 12:56:59,2022-04-10 12:56:59,4e6e1b59e2488657ffbfc719ac2eaa9c-d.jpg,,"9780241584484,9780241559482"
33244292,"De Yare a Miraflores, el mismo subversivo. Entrevistas al Comandante Hugo Chavez Frias",,,,Jose Vicente Rangel,0101,,,,0,0,Spanish,,,0,,,,,,,,,,,calibre (1.33.0) [http://calibre-ebook.com],0,,,,,,,,321640,epub,3624e6482bea917b69907ce9fe65deb2,,,"De Yare a Miraflores, el mismo - Jose Vicente Rangel.epub",0,2020-01-16 12:06:07,2020-01-16 12:06:07,,,
